Fecha,Coparticipación Bruta
03/01/2025,"$431,697,186.00"
06/01/2025,"$141,435,680.00"
07/01/2025,"$134,713,095.00"
08/01/2025,"$258,090,129.00"
09/01/2025,"$157,135,911.00"
10/01/2025,"$298,167,129.00"
13/01/2025,"$836,315,911.00"
14/01/2025,"$1,265,651,782.00"
15/01/2025,"$547,722,458.00"
16/01/2025,"$205,903,617.00"
17/01/2025,"$260,178,444.00"
20/01/2025,"$344,054,370.00"
21/01/2025,"$553,965,862.00"
22/01/2025,"$825,544,737.00"
23/01/2025,"$751,899,236.00"
24/01/2025,"$571,250,416.00"
27/01/2025,"$483,256,704.00"
28/01/2025,"$517,559,539.00"
29/01/2025,"$217,646,185.00"
30/01/2025,"$199,136,747.00"
31/01/2025,"$128,554,144.00"
03/02/2025,"$76,372,623.00"
04/02/2025,"$76,800,073.00"
05/02/2025,"$111,888,783.00"
06/02/2025,"$155,084,880.00"
07/02/2025,"$220,633,764.00"
10/02/2025,"$143,146,746.00"
11/02/2025,"$380,783,405.00"
12/02/2025,"$1,665,958,294.00"
13/02/2025,"$464,025,398.00"
14/02/2025,"$405,814,849.00"
17/02/2025,"$207,104,753.00"
18/02/2025,"$233,237,288.00"
19/02/2025,"$382,258,082.00"
20/02/2025,"$570,936,325.00"
21/02/2025,"$1,006,651,614.00"
24/02/2025,"$660,210,921.00"
25/02/2025,"$506,511,830.00"
26/02/2025,"$611,410,236.00"
27/02/2025,"$270,489,521.00"
28/02/2025,"$191,779,285.00"
05/03/2025,"$174,565,970.00"
06/03/2025,"$258,167,523.00"
07/03/2025,"$155,855,424.00"
10/03/2025,"$263,283,150.00"
11/03/2025,"$449,975,535.00"
12/03/2025,"$1,495,876,656.00"
13/03/2025,"$434,331,761.00"
14/03/2025,"$637,308,616.00"
17/03/2025,"$303,046,244.00"
18/03/2025,"$256,618,534.00"
19/03/2025,"$380,049,241.00"
20/03/2025,"$524,586,117.00"
21/03/2025,"$778,953,036.00"
25/03/2025,"$589,242,896.00"
26/03/2025,"$629,099,372.00"
27/03/2025,"$571,651,106.00"
28/03/2025,"$312,293,229.00"
31/03/2025,"$179,885,469.00"
01/04/2025,"$134,603,638.00"
03/04/2025,"$157,431,280.00"
04/04/2025,"$107,283,708.00"
07/04/2025,"$130,974,033.00"
08/04/2025,"$170,399,884.00"
09/04/2025,"$179,225,795.00"
10/04/2025,"$78,846,223.00"
11/04/2025,"$1,624,984,257.00"
14/04/2025,"$299,638,314.00"
15/04/2025,"$199,424,360.00"
16/04/2025,"$97,658,714.00"
21/04/2025,"$223,975,427.00"
22/04/2025,"$423,317,843.00"
23/04/2025,"$563,995,764.00"
24/04/2025,"$672,702,215.00"
25/04/2025,"$1,160,618,033.00"
28/04/2025,"$285,086,004.00"
29/04/2025,"$351,960,389.00"
30/04/2025,"$426,304,941.00"
05/05/2025,"$89,605,301.00"
06/05/2025,"$50,059,152.00"
07/05/2025,"$210,949,022.00"
08/05/2025,"$193,720,016.00"
09/05/2025,"$214,150,332.00"
12/05/2025,"$420,535,186.00"
13/05/2025,"$1,476,824,400.00"
14/05/2025,"$250,871,192.00"
15/05/2025,"$336,158,098.00"
16/05/2025,"$341,748,338.00"
19/05/2025,"$550,240,157.00"
20/05/2025,"$572,876,512.00"
21/05/2025,"$1,164,317,710.00"
22/05/2025,"$785,757,073.00"
23/05/2025,"$595,941,943.00"
26/05/2025,"$463,842,010.00"
27/05/2025,"$612,242,662.00"
28/05/2025,"$195,155,591.00"
29/05/2025,"$249,475,638.00"
30/05/2025,"$163,939,551.00"
02/06/2025,"$52,729,280.00"
03/06/2025,43961365
04/06/2025,128025445
05/06/2025,75714881
06/06/2025,193844942
09/06/2025,172459601
10/06/2025,455787992
11/06/2025,1528882007
12/06/2025,261328175
13/06/2025,237974564
17/06/2025,90656248
18/06/2025,186325372
19/06/2025,212799992
23/06/2025,411356034
24/06/2025,1210723859
25/06/2025,1192120480
26/06/2025,676281893
27/06/2025,515213313
30/06/2025,242405363
01/07/2025,"$179,548,174.00"
02/07/2025,"$158,823,296.00"
03/07/2025,"$117,835,528.00"
04/07/2025,"$112,656,483.00"
07/07/2025,"$174,141,603.00"
08/07/2025,"$145,116,489.00"
10/07/2025,"$425,780,152.00"
11/07/2025,"$1,292,008,670.00"
14/07/2025,"$418,030,161.00"
15/07/2025,"$310,566,684.00"
16/07/2025,"$302,521,057.00"
17/07/2025,"$274,459,481.00"
18/07/2025,"$402,114,352.00"
21/07/2025,"$692,823,641.00"
22/07/2025,"$992,703,185.00"
23/07/2025,"$686,486,120.00"
24/07/2025,"$528,805,093.00"
25/07/2025,"$690,227,011.00"
28/07/2025,"$276,891,962.00"
29/07/2025,"$208,799,670.00"
30/07/2025,"$126,866,181.00"
31/07/2025,"$104,704,742.00"
01/08/2025,"$39,495,838.00"
04/08/2025,"$52,919,225.00"
05/08/2025,"$156,060,459.00"
06/08/2025,"$111,186,440.00"
07/08/2025,"$226,463,476.00"
08/08/2025,"$172,442,986.00"
11/08/2025,"$395,938,447.00"
12/08/2025,"$1,507,347,401.00"
13/08/2025,"$634,455,402.00"
14/08/2025,"$520,917,418.00"
15/08/2025,"$533,986,301.00"
19/08/2025,"$301,867,841.00"
20/08/2025,"$581,586,082.00"
21/08/2025,"$733,608,445.00"
22/08/2025,"$838,065,647.00"
25/08/2025,"$1,005,520,564.00"
26/08/2025,"$812,121,888.00"
27/08/2025,"$283,939,600.00"
28/08/2025,"$190,450,985.00"
29/08/2025,"$210,491,242.00"
01/09/2025,"$175,396,259.00"
02/09/2025,"$70,793,911.00"
03/09/2025,"$173,614,165.00"
04/09/2025,"$107,332,109.00"
05/09/2025,"$141,359,213.00"
08/09/2025,"$184,653,205.00"
09/09/2025,"$310,652,845.00"
10/09/2025,"$599,462,160.00"
11/09/2025,"$1,579,509,742.00"
12/09/2025,"$385,610,692.00"
15/09/2025,"$356,283,928.00"
16/09/2025,"$154,192,497.00"
17/09/2025,"$237,165,159.00"
18/09/2025,"$468,081,844.00"
19/09/2025,"$760,679,947.00"
22/09/2025,"$842,249,590.00"
23/09/2025,"$637,407,615.00"
24/09/2025,"$692,255,145.00"
25/09/2025,"$736,139,377.00"
26/09/2025,"$508,555,751.00"
29/09/2025,"$153,299,958.00"
30/09/2025,"$202,166,134.00"
01/10/2025,"$154,272,585.00"
02/10/2025,"$93,191,211.00"
03/10/2025,"$138,267,185.00"
06/10/2025,"$127,435,016.00"
07/10/2025,"$199,391,950.00"
08/10/2025,"$199,936,779.00"
09/10/2025,"$205,738,289.00"
10/10/2025,"$568,570,002.00"
14/10/2025,"$1,734,673,664.00"
15/10/2025,"$677,886,429.00"
16/10/2025,"$424,680,233.00"
17/10/2025,"$327,799,271.00"
20/10/2025,"$361,239,054.00"
21/10/2025,"$864,580,797.00"
22/10/2025,"$860,739,777.00"
23/10/2025,"$751,839,598.00"
24/10/2025,"$639,671,145.00"
27/10/2025,"$616,702,929.00"
28/10/2025,"$379,786,188.00"
29/10/2025,"$204,414,332.00"
30/10/2025,"$139,576,929.00"
31/10/2025,"$80,969,386.00"
03/11/2025,"$62,913,163.00"
04/11/2025,"$51,548,078.00"
05/11/2025,"$155,705,270.00"
07/11/2025,"$165,606,275.00"
10/11/2025,"$465,437,868.00"
11/11/2025,"$1,694,742,653.00"
12/11/2025,"$749,104,502.00"
13/11/2025,"$677,927,989.00"
14/11/2025,"$502,733,491.00"
17/11/2025,"$291,437,186.00"
18/11/2025,"$336,277,942.00"
19/11/2025,"$439,168,632.00"
20/11/2025,"$956,862,013.00"
25/11/2025,"$1,082,547,050.00"
26/11/2025,"$849,817,930.00"
27/11/2025,"$1,243,563,747.00"
28/11/2025,"$308,000,820.00"
01/12/2025,"$317,003,187.00"
02/12/2025,"$237,726,676.00"
03/12/2025,"$279,957,407.00"
04/12/2025,"$130,984,475.00"
05/12/2025,"$150,606,073.00"
09/12/2025,"$166,934,962.00"
10/12/2025,"$527,527,633.00"
11/12/2025,"$1,581,299,394.00"
12/12/2025,"$668,093,311.00"
15/12/2025,"$243,389,095.00"
16/12/2025,"$181,723,716.00"
17/12/2025,"$328,988,804.00"
18/12/2025,"$553,181,165.00"
19/12/2025,"$872,486,037.00"
22/12/2025,"$806,901,802.00"
23/12/2025,"$743,333,262.00"
26/12/2025,"$737,887,321.00"
29/12/2025,"$906,092,629.00"
30/12/2025,"$649,489,472.00"
5/1/2026,"$371,963,034.00"
6/1/2026,"$156,409,651.00"
7/1/2026,"$285,507,685.00"
8/1/2026,"$233,678,921.00"
9/1/2026,"$233,328,282.00"
12/1/2026,"$557,276,040.00"
13/1/2026,"$2,015,560,071.00"
14/1/2026,"$746,874,995.00"
15/1/2026,"$730,290,578.00"
16/1/2026,"$281,289,132.00"
19/1/2026,"$225,529,615.00"
20/1/2026,"$465,010,013.00"
21/1/2026,"$1,145,120,246.00"
22/1/2026,"$876,828,082.00"
23/1/2026,"$942,166,709.00"
26/1/2026,"$561,703,793.00"
27/1/2026,"$689,269,064.00"
28/1/2026,"$205,389,017.00"
29/1/2026,"$169,145,846.00"
30/1/2026,"$180,638,469.00"
2/2/2026,"$35,685,187.00"
3/2/2026,"$45,587,351.00"
4/2/2026,"$112,693,726.00"
5/2/2026,"$111,160,899.00"
6/2/2026,"$198,023,279.00"
9/2/2026,"$163,683,951.00"
10/2/2026,"$549,241,874.00"
11/2/2026,"$1,735,628,821.00"
12/2/2026,"$501,271,758.00"
13/2/2026,"$392,868,041.00"
18/2/2026,"$214,599,934.00"
19/2/2026,"$317,845,171.00"
20/2/2026,"$964,217,501.00"
23/2/2026,"$1,182,644,616.00"
24/2/2026,"$1,447,287,247.00"
25/2/2026,"$1,015,112,868.00"
26/2/2026,"$519,000,510.00"
27/2/2026,"$259,559,641.00"
2/3/2026,"$191,919,241.00"
3/3/2026,"$277,155,665.00"
4/3/2026,"$143,198,096.00"
5/3/2026,"$98,245,927.00"
6/3/2026,"$261,745,370.00"
9/3/2026,"$167,072,063.00"
10/3/2026,"$457,399,839.00"
11/3/2026,"$1,531,455,523.00"
12/3/2026,"$388,598,908.00"
13/3/2026,"$384,111,798.00"
16/3/2026,"$116,643,862.00"
17/3/2026,"$182,557,495.00"
18/3/2026,"$370,161,970.00"
19/3/2026,"$828,261,770.00"
20/3/2026,"$918,727,992.00"
25/3/2026,"$615,828,872.00"
26/3/2026,"$724,303,770.00"
27/3/2026,"$668,407,920.00"
30/3/2026,"$568,536,402.00"
31/3/2026,"$367,228,068.00"
1/4/2026,"$138,307,533.00"
6/4/2026,"$308,795,800.00"
7/4/2026,"$114,034,755.00"
8/4/2026,"$215,310,323.00"
9/4/2026,"$229,565,214.00"
10/4/2026,"$408,196,700.00"
13/4/2026,"$1,811,508,809.00"
14/4/2026,"$678,504,677.00"
15/4/2026,"$667,759,270.00"
16/4/2026,"$229,911,158.00"
17/4/2026,"$323,225,757.00"
20/4/2026,"$507,688,052.00"
21/4/2026,"$939,052,838.00"
22/4/2026,"$912,177,133.00"
23/4/2026,"$794,996,281.00"
24/4/2026,"$602,191,245.00"
27/4/2026,"$715,456,246.00"
28/4/2026,"$318,056,599.00"
29/4/2026,"$371,363,959.00"
30/4/2026,"$89,314,292.00"
4/5/2026,"$59,715,857.00"
5/5/2026,"$56,482,176.00"
6/5/2026,"$116,193,361.00"
7/5/2026,"$159,686,392.00"
8/5/2026,"$254,473,227.00"
11/5/2026,"$375,371,636.00"
12/5/2026,"$1,690,869,358.00"
13/5/2026,"$820,752,313.00"
14/5/2026,"$467,211,981.00"
15/5/2026,"$598,788,955.00"
18/5/2026,"$1,184,511,700.00"
19/5/2026,"$1,289,760,499.00"
20/5/2026,"$1,236,076,194.00"
21/5/2026,"$1,038,332,028.00"
22/5/2026,"$985,404,572.00"
26/5/2026,"$805,117,840.00"
27/5/2026,"$1,050,954,586.00"
28/5/2026,"$374,563,299.00"
29/5/2026,"$118,209,686.00"
1/6/2026,"$250,498,609.00"
2/6/2026,"$176,584,275.00"
3/6/2026,"$86,313,099.00"
4/6/2026,"$68,348,086.00"
5/6/2026,"$278,142,142.00"
8/6/2026,"$131,191,206.00"
9/6/2026,"$266,924,495.00"
10/6/2026,"$681,172,560.00"
11/6/2026,"$1,903,150,178.00"
12/6/2026,"$447,794,083.00"
16/6/2026,"$372,662,740.00"
17/6/2026,"$185,644,603.00"
18/6/2026,"$316,881,872.00"
19/6/2026,"$599,397,495.00"
22/6/2026,"$1,640,775,939.00"
23/6/2026,"$770,308,448.00"
24/6/2026,"$1,088,281,477.00"
25/6/2026,"$955,626,495.00"
26/6/2026,"$624,337,266.00"
29/6/2026,"$126,603,756.00"
30/6/2026,"$209,288,642.00"
1/7/2026,"$360,397,695.00"
2/7/2026,"$110,819,875.00"
3/7/2026,"$87,295,204.00"
6/7/2026,"$78,902,564.00"
7/7/2026,"$316,452,867.00"
8/7/2026,"$211,626,039.00"
13/7/2026,"$433,796,234.00"
14/7/2026,"$1,780,418,068.00"
15/7/2026,"$1,403,044,425.00"
16/7/2026,"$793,716,505.00"
17/7/2026,"$554,039,750.00"
20/7/2026,"$627,120,780.00"
21/7/2026,"$928,103,500.00"
22/7/2026,"$1,207,087,397.00"
23/7/2026,"$889,512,618.00"
24/7/2026,"$717,478,631.00"
27/7/2026,"$972,682,473.00"
28/7/2026,"$588,903,501.00"
29/7/2026,"$634,900,069.00"
30/7/2026,"$92,646,255.00"
31/7/2026,"$63,886,132.00"
3/8/2026,"$54,167,233.00"
4/8/2026,"$103,676,540.00"
5/8/2026,"$142,213,369.00"
6/8/2026,"$162,597,690.00"
7/8/2026,"$409,532,976.00"
10/8/2026,"$412,379,595.00"
11/8/2026,"$2,035,340,886.00"
12/8/2026,"$929,214,153.00"
13/8/2026,"$564,742,798.00"
14/8/2026,"$532,873,626.00"
18/8/2026,"$393,939,254.00"
19/8/2026,"$369,398,754.00"
20/8/2026,"$1,107,334,958.00"
21/8/2026,"$1,104,067,872.00"
24/8/2026,"$1,354,760,932.00"
25/8/2026,"$1,152,318,016.00"
26/8/2026,"$685,729,463.00"
27/8/2026,"$350,912,483.00"