Nro,Descripción, Presupuestado , Gastado , Saldo , % Gast/Presu 
1,SECRETARÍA DE ECONOMIA Y FINANZAS," $ 17,481,400,766.42 "," $ 13,623,051,173.25 "," $ 3,858,349,593.17 ",77.9%
2,PARTIDAS NO ASIGNABLES A PROGRAMAS," $ 27,271,775,562.04 "," $ 25,040,338,512.99 "," $ 2,231,437,049.05 ",91.8%
3,SECRETARIA DE SEGURIDAD Y JUSTICIA," $ 38,894,488,561.17 "," $ 37,376,825,566.95 "," $ 1,517,662,994.22 ",96.1%
4,SECRETARIA DE GOBIERNO," $ 36,865,408,780.54 "," $ 25,371,353,628.97 "," $ 11,494,055,151.57 ",68.8%
5,SECRETARIA DE SALUD," $ 67,493,625,310.16 "," $ 61,718,486,219.20 "," $ 5,775,139,090.96 ",91.4%
6,SECRETARIA DE DESARROLLO SOCIAL," $ 18,000,901,185.06 "," $ 14,967,985,641.78 "," $ 3,032,915,543.28 ",83.2%
7,SECRETARIA DE AMBIENTE," $ 69,765,936,520.81 "," $ 70,816,510,697.62 "," $ (1,050,574,176.81)",101.5%
8,SECRETARIA PRIVADA," $ 605,676,475.29 "," $ 605,676,475.29 ", $ -   ,100.0%
9,SECRETARIA DE INFRAESTRUCTURA Y PLANIFICACION," $ 65,108,869,669.96 "," $ 48,800,969,366.04 "," $ 16,307,900,303.92 ",75.0%
10,JEFATURA DE GABINETE," $ 19,669,628,208.99 "," $ 20,015,198,847.06 "," $ (345,570,638.07)",101.8%
11,"SECRETARIA DE MUJERES, GENEROS Y DIVERSIDAD"," $ 2,457,128,369.40 "," $ 1,840,027,994.07 "," $ 617,100,375.33 ",74.9%
12,SECRETARIA DE HABITAT E INTEGRACION COMUNITARIA," $ 451,823,956.26 "," $ 451,823,956.26 ", $ -   ,100.0%
13,SECRETARIA DE DEPORTES," $ 698,976,311.46 "," $ 698,976,311.46 ", $ -   ,100.0%
14,SECRETARIA GENERAL," $ 25,720,363,526.59 "," $ 18,666,945,207.34 "," $ 7,053,418,319.25 ",72.6%
15,SECRETARIA DE SERVICIOS PUBLICOS," $ 10,734,164,973.20 "," $ 10,734,164,973.20 ", $ -   ,100.0%
16,SECRETARIA DE RELACIONES CON LA COMUNIDAD," $ 7,227,830,806.01 "," $ 5,811,825,227.03 "," $ 1,416,005,578.98 ",80.4%
17,"SECRETARIA DE EDUCACION, PRODUCCION Y TRABAJO"," $ 13,528,185,436.08 "," $ 5,967,073,138.75 "," $ 7,561,112,297.33 ",44.1%
18,HONORABLE CONCEJO DELIBERANTE," $ 7,596,128,254.93 "," $ 5,084,472,896.38 "," $ 2,511,655,358.55 ",66.9%