ASIGNACION,Camiones Asignados,Camiones Trabajando,Camiones Sin Salida,Camiones en Taller,Fecha
SS PLANIFICACIÓN HÍDRICA,8,3,0,5,2025-07-18
SS REDES Y SERV. CONCESIONADOS,10,3,4,3,2025-07-18
SS PLANIFICACIÓN HÍDRICA,8,3,0,5,2025-07-21
SS REDES Y SERV. CONCESIONADOS,10,3,5,2,2025-07-21
SS PLANIFICACIÓN HÍDRICA,8,3,0,5,2025-07-22
SS REDES Y SERV. CONCESIONADOS,10,3,5,2,2025-07-22
SS PLANIFICACIÓN HÍDRICA,8,3,0,5,2025-07-23
SS REDES Y SERV. CONCESIONADOS,10,4,5,1,2025-07-23
SS PLANIFICACIÓN HÍDRICA,8,2,1,5,2025-07-24
SS REDES Y SERV. CONCESIONADOS,10,2,6,2,2025-07-24
SS PLANIFICACIÓN HÍDRICA,8,1,2,5,2025-07-25
SS REDES Y SERV. CONCESIONADOS,10,2,5,3,2025-07-25
SS PLANIFICACIÓN HÍDRICA,8,1,2,5,2025-07-28
SS REDES Y SERV. CONCESIONADOS,10,3,5,2,2025-07-28
SS PLANIFICACIÓN HÍDRICA,8,3,1,4,2025-07-29
SS REDES Y SERV. CONCESIONADOS,10,3,6,1,2025-07-29
SS PLANIFICACIÓN HÍDRICA,8,3,1,4,2025-07-30
SS REDES Y SERV. CONCESIONADOS,10,4,4,2,2025-07-30
SS PLANIFICACIÓN HÍDRICA,8,2,1,5,2025-07-31
SS REDES Y SERV. CONCESIONADOS,10,3,5,2,2025-07-31
SS PLANIFICACIÓN HÍDRICA,8,0,3,5,2025-08-01
SS REDES Y SERV. CONCESIONADOS,10,3,5,2,2025-08-01
SS PLANIFICACIÓN HÍDRICA,8,4,0,4,2025-08-04
SS REDES Y SERV. CONCESIONADOS,10,3,4,3,2025-08-04
SS PLANIFICACIÓN HÍDRICA,8,3,1,4,2025-08-05
SS REDES Y SERV. CONCESIONADOS,10,2,4,4,2025-08-05
SS PLANIFICACIÓN HÍDRICA,8,4,0,4,2025-08-06
SS REDES Y SERV. CONCESIONADOS,10,2,5,3,2025-08-06
SS PLANIFICACIÓN HÍDRICA,8,4,0,4,2025-08-07
SS REDES Y SERV. CONCESIONADOS,10,2,3,5,2025-08-07
SS PLANIFICACIÓN HÍDRICA,8,4,0,4,2025-08-08
SS REDES Y SERV. CONCESIONADOS,10,2,3,5,2025-08-08
SS PLANIFICACIÓN HÍDRICA,8,3,1,4,2025-08-11
SS REDES Y SERV. CONCESIONADOS,10,2,3,5,2025-08-11
SS PLANIFICACIÓN HÍDRICA,8,2,1,5,2025-08-12
SS REDES Y SERV. CONCESIONADOS,10,2,3,5,2025-08-12
SS PLANIFICACIÓN HÍDRICA,8,3,0,5,2025-08-13
SS REDES Y SERV. CONCESIONADOS,10,2,3,5,2025-08-13
SS PLANIFICACIÓN HÍDRICA,8,2,1,5,2025-08-14
SS REDES Y SERV. CONCESIONADOS,10,2,3,5,2025-08-14
SS PLANIFICACIÓN HÍDRICA,8,3,0,5,2025-08-18
SS REDES Y SERV. CONCESIONADOS,10,4,2,4,2025-08-18
SS PLANIFICACIÓN HÍDRICA,8,0,3,5,2025-08-19
SS REDES Y SERV. CONCESIONADOS,10,1,6,3,2025-08-19
SS PLANIFICACIÓN HÍDRICA,8,1,2,5,2025-08-20
SS REDES Y SERV. CONCESIONADOS,10,4,2,4,2025-08-20
SS PLANIFICACIÓN HÍDRICA,8,3,0,5,2025-08-21
SS REDES Y SERV. CONCESIONADOS,10,6,1,3,2025-08-21
SS PLANIFICACIÓN HÍDRICA,8,3,1,4,2025-08-22
SS REDES Y SERV. CONCESIONADOS,10,6,0,4,2025-08-22
SS PLANIFICACIÓN HÍDRICA,8,3,0,5,2025-08-25
SS REDES Y SERV. CONCESIONADOS,10,3,0,7,2025-08-25
SS PLANIFICACIÓN HÍDRICA,8,4,0,4,2025-08-26
SS REDES Y SERV. CONCESIONADOS,10,5,0,5,2025-08-26
SS PLANIFICACIÓN HÍDRICA,8,4,1,3,2025-08-27
SS REDES Y SERV. CONCESIONADOS,10,5,1,4,2025-08-27
SS PLANIFICACIÓN HÍDRICA,8,3,2,3,2025-08-28
SS REDES Y SERV. CONCESIONADOS,10,6,0,4,2025-08-28
SS PLANIFICACIÓN HÍDRICA,8,4,1,3,2025-08-29
SS REDES Y SERV. CONCESIONADOS,10,6,0,4,2025-08-29
SS PLANIFICACIÓN HÍDRICA,8,2,2,4,2025-09-01
SS REDES Y SERV. CONCESIONADOS,11,4,3,4,2025-09-01
SS PLANIFICACIÓN HÍDRICA,8,3,2,3,2025-09-02
SS REDES Y SERV. CONCESIONADOS,11,7,0,4,2025-09-02
SS PLANIFICACIÓN HÍDRICA,8,3,1,4,2025-09-03
SS REDES Y SERV. CONCESIONADOS,11,7,0,4,2025-09-03
SS PLANIFICACIÓN HÍDRICA,8,4,0,4,2025-09-04
SS REDES Y SERV. CONCESIONADOS,11,7,0,4,2025-09-04
SS PLANIFICACIÓN HÍDRICA,8,3,1,4,2025-09-05
SS REDES Y SERV. CONCESIONADOS,11,7,0,4,2025-09-05
SS PLANIFICACIÓN HÍDRICA,8,4,0,4,2025-09-08
SS REDES Y SERV. CONCESIONADOS,11,7,0,4,2025-09-08
SS PLANIFICACIÓN HÍDRICA,8,3,0,5,2025-09-09
SS REDES Y SERV. CONCESIONADOS,11,7,0,4,2025-09-09
SS PLANIFICACIÓN HÍDRICA,8,3,0,5,2025-09-11
SS REDES Y SERV. CONCESIONADOS,11,8,0,3,2025-09-11
SS PLANIFICACIÓN HÍDRICA,8,3,0,5,2025-09-12
SS REDES Y SERV. CONCESIONADOS,11,8,0,3,2025-09-12
SS PLANIFICACIÓN HÍDRICA,8,4,0,4,2025-09-15
SS REDES Y SERV. CONCESIONADOS,11,6,1,4,2025-09-15
SS PLANIFICACIÓN HÍDRICA,8,4,1,3,2025-09-16
SS REDES Y SERV. CONCESIONADOS,11,6,0,5,2025-09-16
SS PLANIFICACIÓN HÍDRICA,8,4,0,4,2025-09-17
SS REDES Y SERV. CONCESIONADOS,11,6,0,5,2025-09-17
SS PLANIFICACIÓN HÍDRICA,8,4,0,4,2025-09-18
SS REDES Y SERV. CONCESIONADOS,11,7,0,4,2025-09-18
SS PLANIFICACIÓN HÍDRICA,8,4,0,4,2025-09-19
SS REDES Y SERV. CONCESIONADOS,11,7,0,4,2025-09-19
SS PLANIFICACIÓN HÍDRICA,8,3,0,5,2025-09-22
SS REDES Y SERV. CONCESIONADOS,11,8,0,3,2025-09-22
SS PLANIFICACIÓN HÍDRICA,8,5,0,3,2025-09-23
SS REDES Y SERV. CONCESIONADOS,11,8,0,3,2025-09-23
SS PLANIFICACIÓN HÍDRICA,8,5,0,3,2025-09-24
SS REDES Y SERV. CONCESIONADOS,11,8,0,3,2025-09-24
SS PLANIFICACIÓN HÍDRICA,8,4,0,4,2025-09-25
SS REDES Y SERV. CONCESIONADOS,11,8,0,3,2025-09-25
SS PLANIFICACIÓN HÍDRICA,8,4,0,4,2025-09-26
SS REDES Y SERV. CONCESIONADOS,11,8,0,3,2025-09-26
SS PLANIFICACIÓN HÍDRICA,8,4,0,4,2025-09-29
SS REDES Y SERV. CONCESIONADOS,11,7,0,4,2025-09-29
SS PLANIFICACIÓN HÍDRICA,8,5,0,3,2025-09-30
SS REDES Y SERV. CONCESIONADOS,11,7,0,4,2025-09-30
SS PLANIFICACIÓN HÍDRICA,8,5,0,3,2025-10-01
SS REDES Y SERV. CONCESIONADOS,11,7,0,4,2025-10-01
SS PLANIFICACIÓN HÍDRICA,8,5,0,3,2025-10-02
SS REDES Y SERV. CONCESIONADOS,11,7,0,4,2025-10-02
SS PLANIFICACIÓN HÍDRICA,8,4,0,4,2025-10-03
SS REDES Y SERV. CONCESIONADOS,11,6,0,5,2025-10-03
SS PLANIFICACIÓN HÍDRICA,8,4,0,4,2025-10-07
SS REDES Y SERV. CONCESIONADOS,11,5,0,6,2025-10-07
SS PLANIFICACIÓN HÍDRICA,8,4,0,4,2025-10-08
SS REDES Y SERV. CONCESIONADOS,11,5,0,6,2025-10-08
SS PLANIFICACIÓN HÍDRICA,8,4,0,4,2025-10-09
SS REDES Y SERV. CONCESIONADOS,11,5,0,6,2025-10-09
SS PLANIFICACIÓN HÍDRICA,8,3,0,5,2025-10-13
SS REDES Y SERV. CONCESIONADOS,11,5,0,6,2025-10-13
SS PLANIFICACIÓN HÍDRICA,8,3,0,5,2025-10-14
SS REDES Y SERV. CONCESIONADOS,11,5,0,6,2025-10-14
SS PLANIFICACIÓN HÍDRICA,8,4,0,4,2025-10-15
SS REDES Y SERV. CONCESIONADOS,11,5,0,6,2025-10-15
SS PLANIFICACIÓN HÍDRICA,8,4,0,4,2025-10-16
SS REDES Y SERV. CONCESIONADOS,11,4,1,6,2025-10-16
SS PLANIFICACIÓN HÍDRICA,8,3,1,4,2025-10-17
SS REDES Y SERV. CONCESIONADOS,11,4,1,6,2025-10-17
SS PLANIFICACIÓN HÍDRICA,8,4,0,4,2025-10-20
SS REDES Y SERV. CONCESIONADOS,11,5,0,6,2025-10-20
SS PLANIFICACIÓN HÍDRICA,8,4,0,4,2025-10-21
SS REDES Y SERV. CONCESIONADOS,11,4,0,7,2025-10-21
SS PLANIFICACIÓN HÍDRICA,8,4,0,4,2025-10-22
SS REDES Y SERV. CONCESIONADOS,11,4,0,7,2025-10-22
SS PLANIFICACIÓN HÍDRICA,8,5,1,2,2025-10-23
SS REDES Y SERV. CONCESIONADOS,11,4,1,6,2025-10-23
SS PLANIFICACIÓN HÍDRICA,8,3,2,3,2025-10-24
SS REDES Y SERV. CONCESIONADOS,11,4,1,6,2025-10-24
SS PLANIFICACIÓN HÍDRICA,8,3,0,5,2025-10-27
SS REDES Y SERV. CONCESIONADOS,11,5,0,6,2025-10-27
SS PLANIFICACIÓN HÍDRICA,8,4,1,3,2025-10-28
SS REDES Y SERV. CONCESIONADOS,11,5,0,6,2025-10-28
SS PLANIFICACIÓN HÍDRICA,8,4,0,4,2025-10-29
SS REDES Y SERV. CONCESIONADOS,11,5,0,6,2025-10-29
SS PLANIFICACIÓN HÍDRICA,8,4,0,4,2025-10-30
SS REDES Y SERV. CONCESIONADOS,11,5,1,5,2025-10-30
SS PLANIFICACIÓN HÍDRICA,8,4,0,4,2025-10-31
SS REDES Y SERV. CONCESIONADOS,11,6,0,5,2025-10-31
SS PLANIFICACIÓN HÍDRICA,8,4,0,4,2025-11-03
SS REDES Y SERV. CONCESIONADOS,11,6,0,5,2025-11-03
SS PLANIFICACIÓN HÍDRICA,9,4,1,4,2025-11-04
SS REDES Y SERV. CONCESIONADOS,11,6,0,5,2025-11-04
SS PLANIFICACIÓN HÍDRICA,9,4,1,4,2025-11-05
SS REDES Y SERV. CONCESIONADOS,11,6,0,5,2025-11-05
SS PLANIFICACIÓN HÍDRICA,9,5,1,3,2025-11-06
SS REDES Y SERV. CONCESIONADOS,11,6,1,4,2025-11-06
SS PLANIFICACIÓN HÍDRICA,9,5,1,3,2025-11-07
SS REDES Y SERV. CONCESIONADOS,11,7,0,4,2025-11-07
SS PLANIFICACIÓN HÍDRICA,9,5,1,3,2025-11-10
SS REDES Y SERV. CONCESIONADOS,11,7,0,4,2025-11-10
SS PLANIFICACIÓN HÍDRICA,9,4,1,4,2025-11-11
SS REDES Y SERV. CONCESIONADOS,11,6,4,1,2025-11-11
SS PLANIFICACIÓN HÍDRICA,9,6,0,3,2025-11-12
SS REDES Y SERV. CONCESIONADOS,11,8,1,2,2025-11-12
SS PLANIFICACIÓN HÍDRICA,9,5,0,4,2025-11-13
SS REDES Y SERV. CONCESIONADOS,11,8,0,3,2025-11-13
SS PLANIFICACIÓN HÍDRICA,9,5,0,4,2025-11-14
SS REDES Y SERV. CONCESIONADOS,11,8,0,3,2025-11-14
SS PLANIFICACIÓN HÍDRICA,9,5,0,4,2025-11-17
SS REDES Y SERV. CONCESIONADOS,11,6,0,5,2025-11-17
SS PLANIFICACIÓN HÍDRICA,9,5,0,4,2025-11-18
SS REDES Y SERV. CONCESIONADOS,11,6,0,5,2025-11-18
SS PLANIFICACIÓN HÍDRICA,9,5,0,4,2025-11-19
SS REDES Y SERV. CONCESIONADOS,11,6,0,5,2025-11-19
SS PLANIFICACIÓN HÍDRICA,9,5,0,4,2025-11-20
SS REDES Y SERV. CONCESIONADOS,11,7,0,4,2025-11-20
SS PLANIFICACIÓN HÍDRICA,9,4,1,4,2025-11-25
SS REDES Y SERV. CONCESIONADOS,11,7,0,4,2025-11-25
SS PLANIFICACIÓN HÍDRICA,9,5,0,4,2025-11-26
SS REDES Y SERV. CONCESIONADOS,11,7,0,4,2025-11-26
SS PLANIFICACIÓN HÍDRICA,9,5,0,4,2025-11-27
SS REDES Y SERV. CONCESIONADOS,11,8,0,3,2025-11-27
SS PLANIFICACIÓN HÍDRICA,9,5,0,4,2025-11-28
SS REDES Y SERV. CONCESIONADOS,11,7,1,3,2025-11-28
SS PLANIFICACIÓN HÍDRICA,9,5,0,4,2025-12-01
SS REDES Y SERV. CONCESIONADOS,11,8,0,3,2025-12-01
SS PLANIFICACIÓN HÍDRICA,9,6,0,3,2025-12-02
SS REDES Y SERV. CONCESIONADOS,11,7,0,4,2025-12-02
SS PLANIFICACIÓN HÍDRICA,9,6,0,3,2025-12-03
SS REDES Y SERV. CONCESIONADOS,11,7,0,4,2025-12-03
SS PLANIFICACIÓN HÍDRICA,9,6,0,3,2025-12-04
SS REDES Y SERV. CONCESIONADOS,11,7,0,4,2025-12-04
SS PLANIFICACIÓN HÍDRICA,9,6,0,3,2025-12-05
SS REDES Y SERV. CONCESIONADOS,11,8,0,3,2025-12-05
SS PLANIFICACIÓN HÍDRICA,9,5,1,3,2025-12-09
SS REDES Y SERV. CONCESIONADOS,11,8,0,3,2025-12-09
SS PLANIFICACIÓN HÍDRICA,9,6,0,3,2025-12-10
SS REDES Y SERV. CONCESIONADOS,11,9,0,2,2025-12-10
SS PLANIFICACIÓN HÍDRICA,9,5,0,4,2025-12-11
SS REDES Y SERV. CONCESIONADOS,11,8,0,3,2025-12-11
SS PLANIFICACIÓN HÍDRICA,9,4,0,5,2025-12-12
SS REDES Y SERV. CONCESIONADOS,11,7,1,3,2025-12-12
SS PLANIFICACIÓN HÍDRICA,9,2,0,7,2025-12-15
SS REDES Y SERV. CONCESIONADOS,11,7,1,3,2025-12-15
SS PLANIFICACIÓN HÍDRICA,9,2,0,7,2025-12-16
SS REDES Y SERV. CONCESIONADOS,11,8,0,3,2025-12-16
SS PLANIFICACIÓN HÍDRICA,9,3,0,6,2025-12-17
SS REDES Y SERV. CONCESIONADOS,11,8,1,2,2025-12-17
SS PLANIFICACIÓN HÍDRICA,9,3,0,6,2025-12-18
SS REDES Y SERV. CONCESIONADOS,11,7,2,2,2025-12-18
SS PLANIFICACIÓN HÍDRICA,9,3,0,6,2025-12-19
SS REDES Y SERV. CONCESIONADOS,11,8,0,3,2025-12-19
SS PLANIFICACIÓN HÍDRICA,9,3,0,6,2025-12-22
SS REDES Y SERV. CONCESIONADOS,11,9,0,2,2025-12-22
SS PLANIFICACIÓN HÍDRICA,9,3,0,6,2025-12-23
SS REDES Y SERV. CONCESIONADOS,11,9,0,2,2025-12-23
SS PLANIFICACIÓN HÍDRICA,9,4,0,5,2025-12-29
SS REDES Y SERV. CONCESIONADOS,11,8,0,3,2025-12-29
SS PLANIFICACIÓN HÍDRICA,9,4,0,5,2025-12-30
SS REDES Y SERV. CONCESIONADOS,11,8,0,3,2025-12-30
SS PLANIFICACIÓN HÍDRICA,9,3,1,5,2026-01-02
SS REDES Y SERV. CONCESIONADOS,11,5,1,5,2026-01-02
SS PLANIFICACIÓN HÍDRICA,9,4,1,4,2026-01-05
SS REDES Y SERV. CONCESIONADOS,11,9,0,2,2026-01-05
SS PLANIFICACIÓN HÍDRICA,9,4,0,5,2026-01-06
SS REDES Y SERV. CONCESIONADOS,11,9,0,2,2026-01-06
SS PLANIFICACIÓN HÍDRICA,9,4,0,5,2026-01-07
SS REDES Y SERV. CONCESIONADOS,11,9,0,2,2026-01-07
SS PLANIFICACIÓN HÍDRICA,9,3,2,4,2026-01-08
SS REDES Y SERV. CONCESIONADOS,11,7,0,4,2026-01-08
SS PLANIFICACIÓN HÍDRICA,9,3,2,4,2026-01-09
SS REDES Y SERV. CONCESIONADOS,11,8,0,3,2026-01-09
SS PLANIFICACIÓN HÍDRICA,9,3,2,4,2026-01-12
SS REDES Y SERV. CONCESIONADOS,11,8,0,3,2026-01-12
SS PLANIFICACIÓN HÍDRICA,9,4,1,4,2026-01-13
SS REDES Y SERV. CONCESIONADOS,11,9,0,2,2026-01-13
SS PLANIFICACIÓN HÍDRICA,9,3,2,4,2026-01-14
SS REDES Y SERV. CONCESIONADOS,11,9,0,2,2026-01-14
SS PLANIFICACIÓN HÍDRICA,9,2,3,4,2026-01-15
SS REDES Y SERV. CONCESIONADOS,11,9,0,2,2026-01-15
SS PLANIFICACIÓN HÍDRICA,9,1,4,4,2026-01-16
SS REDES Y SERV. CONCESIONADOS,11,9,0,2,2026-01-16
SS PLANIFICACIÓN HÍDRICA,9,3,2,4,2026-01-19
SS REDES Y SERV. CONCESIONADOS,11,8,0,3,2026-01-19
SS PLANIFICACIÓN HÍDRICA,9,3,2,4,2026-01-20
SS REDES Y SERV. CONCESIONADOS,11,8,0,3,2026-01-20
SS PLANIFICACIÓN HÍDRICA,9,2,3,4,2026-01-21
SS REDES Y SERV. CONCESIONADOS,11,7,0,4,2026-01-21
SS PLANIFICACIÓN HÍDRICA,9,3,2,4,2026-01-22
SS REDES Y SERV. CONCESIONADOS,11,7,0,4,2026-01-22
SS PLANIFICACIÓN HÍDRICA,9,4,1,4,2026-01-23
SS REDES Y SERV. CONCESIONADOS,11,7,1,3,2026-01-23
SS PLANIFICACIÓN HÍDRICA,9,4,1,4,2026-01-26
SS REDES Y SERV. CONCESIONADOS,11,7,0,4,2026-01-26
SS PLANIFICACIÓN HÍDRICA,9,4,1,4,2026-01-27
SS REDES Y SERV. CONCESIONADOS,11,7,0,4,2026-01-27
SS PLANIFICACIÓN HÍDRICA,9,3,2,4,2026-01-28
SS REDES Y SERV. CONCESIONADOS,11,6,2,3,2026-01-28
SS PLANIFICACIÓN HÍDRICA,9,4,1,4,2026-01-29
SS REDES Y SERV. CONCESIONADOS,11,7,0,4,2026-01-29
SS PLANIFICACIÓN HÍDRICA,9,3,2,4,2026-01-30
SS REDES Y SERV. CONCESIONADOS,11,7,0,4,2026-01-30
SS PLANIFICACIÓN HÍDRICA,9,2,3,4,2026-02-02
SS REDES Y SERV. CONCESIONADOS,11,7,0,4,2026-02-02
SS PLANIFICACIÓN HÍDRICA,9,4,1,4,2026-02-03
SS REDES Y SERV. CONCESIONADOS,11,7,0,4,2026-02-03
SS PLANIFICACIÓN HÍDRICA,9,4,1,4,2026-02-04
SS REDES Y SERV. CONCESIONADOS,11,7,0,4,2026-02-04
SS PLANIFICACIÓN HÍDRICA,9,4,1,4,2026-02-05
SS REDES Y SERV. CONCESIONADOS,11,8,0,3,2026-02-05
SS PLANIFICACIÓN HÍDRICA,9,4,1,4,2026-02-06
SS REDES Y SERV. CONCESIONADOS,11,7,2,2,2026-02-06
SS PLANIFICACIÓN HÍDRICA,9,3,2,4,2026-02-09
SS REDES Y SERV. CONCESIONADOS,11,9,0,2,2026-02-09
SS PLANIFICACIÓN HÍDRICA,9,3,1,5,2026-02-10
SS REDES Y SERV. CONCESIONADOS,11,9,1,1,2026-02-10
SS PLANIFICACIÓN HÍDRICA,9,3,2,4,2026-02-11
SS REDES Y SERV. CONCESIONADOS,11,7,0,4,2026-02-11
SS PLANIFICACIÓN HÍDRICA,9,3,2,4,2026-02-12
SS REDES Y SERV. CONCESIONADOS,11,7,0,4,2026-02-12
SS PLANIFICACIÓN HÍDRICA,9,4,1,4,2026-02-13
SS REDES Y SERV. CONCESIONADOS,11,7,2,2,2026-02-13
SS PLANIFICACIÓN HÍDRICA,9,5,0,4,2026-02-17
SS REDES Y SERV. CONCESIONADOS,11,7,0,4,2026-02-17
SS PLANIFICACIÓN HÍDRICA,9,5,0,4,2026-02-20
SS REDES Y SERV. CONCESIONADOS,11,7,0,4,2026-02-20
SS PLANIFICACIÓN HÍDRICA,9,5,0,4,2026-02-23
SS REDES Y SERV. CONCESIONADOS,11,7,0,4,2026-02-23
SS PLANIFICACIÓN HÍDRICA,9,3,2,4,2026-02-24
SS REDES Y SERV. CONCESIONADOS,11,8,0,3,2026-02-24
SS PLANIFICACIÓN HÍDRICA,9,4,2,3,2026-02-25
SS REDES Y SERV. CONCESIONADOS,11,8,0,3,2026-02-25
SS PLANIFICACIÓN HÍDRICA,9,5,0,4,2026-02-26
SS REDES Y SERV. CONCESIONADOS,11,8,0,3,2026-02-26
SS PLANIFICACIÓN HÍDRICA,9,5,0,4,2026-02-27
SS REDES Y SERV. CONCESIONADOS,11,8,0,3,2026-02-27
SS PLANIFICACIÓN HÍDRICA,9,5,0,4,2026-03-02
SS REDES Y SERV. CONCESIONADOS,11,8,0,3,2026-03-02
SS PLANIFICACIÓN HÍDRICA,9,4,1,4,2026-03-03
SS REDES Y SERV. CONCESIONADOS,11,8,0,3,2026-03-03
SS PLANIFICACIÓN HÍDRICA,9,4,0,5,2026-03-04
SS REDES Y SERV. CONCESIONADOS,11,8,0,3,2026-03-04
SS PLANIFICACIÓN HÍDRICA,9,4,0,5,2026-03-05
SS REDES Y SERV. CONCESIONADOS,11,8,0,3,2026-03-05
SS PLANIFICACIÓN HÍDRICA,9,4,0,5,2026-03-06
SS REDES Y SERV. CONCESIONADOS,11,8,0,3,2026-03-06
SS PLANIFICACIÓN HÍDRICA,9,4,0,5,2026-03-09
SS REDES Y SERV. CONCESIONADOS,11,6,0,5,2026-03-09
SS PLANIFICACIÓN HÍDRICA,9,4,0,5,2026-03-10
SS REDES Y SERV. CONCESIONADOS,11,7,1,3,2026-03-10
SS PLANIFICACIÓN HÍDRICA,9,4,0,5,2026-03-11
SS REDES Y SERV. CONCESIONADOS,11,9,0,2,2026-03-11
SS PLANIFICACIÓN HÍDRICA,9,4,0,5,2026-03-12
SS REDES Y SERV. CONCESIONADOS,11,6,0,5,2026-03-12
SS PLANIFICACIÓN HÍDRICA,9,4,0,5,2026-03-13
SS REDES Y SERV. CONCESIONADOS,11,6,0,5,2026-03-13
SS PLANIFICACIÓN HÍDRICA,9,4,0,5,2026-03-16
SS REDES Y SERV. CONCESIONADOS,11,6,0,5,2026-03-16
SS PLANIFICACIÓN HÍDRICA,9,4,0,5,2026-03-17
SS REDES Y SERV. CONCESIONADOS,11,6,0,5,2026-03-17
SS PLANIFICACIÓN HÍDRICA,9,4,0,5,2026-03-18
SS REDES Y SERV. CONCESIONADOS,11,5,0,6,2026-03-18
SS PLANIFICACIÓN HÍDRICA,9,4,0,5,2026-03-19
SS REDES Y SERV. CONCESIONADOS,11,5,1,5,2026-03-19
SS PLANIFICACIÓN HÍDRICA,9,4,0,5,2026-03-20
SS REDES Y SERV. CONCESIONADOS,11,6,0,5,2026-03-20
SS PLANIFICACIÓN HÍDRICA,9,4,0,5,2026-03-25
SS REDES Y SERV. CONCESIONADOS,11,6,0,5,2026-03-25
SS PLANIFICACIÓN HÍDRICA,9,4,0,5,2026-03-26
SS REDES Y SERV. CONCESIONADOS,11,5,1,5,2026-03-26
SS PLANIFICACIÓN HÍDRICA,9,4,1,4,2026-03-27
SS REDES Y SERV. CONCESIONADOS,11,5,1,5,2026-03-27
SS PLANIFICACIÓN HÍDRICA,9,5,0,4,2026-03-30
SS REDES Y SERV. CONCESIONADOS,11,4,1,6,2026-03-30
SS PLANIFICACIÓN HÍDRICA,9,4,0,5,2026-03-31
SS REDES Y SERV. CONCESIONADOS,11,4,1,6,2026-03-31
SECRETARÍA OP,2,1,1,0,2026-04-01
SS PLANIFICACIÓN HÍDRICA,2,1,0,1,2026-04-01
SS REDES Y SERV. CONCESIONADOS,11,3,1,7,2026-04-01
SECRETARÍA OP,1,0,1,0,2026-04-06
SS PLANIFICACIÓN HÍDRICA,2,1,0,1,2026-04-06
SS REDES Y SERV. CONCESIONADOS,11,3,2,6,2026-04-06
SECRETARÍA OP,1,1,0,0,2026-04-07
SS PLANIFICACIÓN HÍDRICA,2,1,0,1,2026-04-07
SS REDES Y SERV. CONCESIONADOS,11,5,0,6,2026-04-07
SECRETARÍA OP,1,1,0,0,2026-04-08
SS PLANIFICACIÓN HÍDRICA,2,1,0,1,2026-04-08
SS REDES Y SERV. CONCESIONADOS,11,5,0,6,2026-04-08
SECRETARÍA OP,1,1,0,0,2026-04-09
SS PLANIFICACIÓN HÍDRICA,2,0,1,1,2026-04-09
SS REDES Y SERV. CONCESIONADOS,11,6,0,5,2026-04-09
SECRETARÍA OP,1,0,1,0,2026-04-10
SS PLANIFICACIÓN HÍDRICA,2,0,1,1,2026-04-10
SS REDES Y SERV. CONCESIONADOS,11,6,0,5,2026-04-10
SECRETARÍA OP,1,0,1,0,2026-04-13
SS PLANIFICACIÓN HÍDRICA,2,0,1,1,2026-04-13
SS REDES Y SERV. CONCESIONADOS,11,4,3,4,2026-04-13
SS MANTENIMIENTO URBANO,3,0,2,1,2026-04-14
SS REDES Y SERV. CONCESIONADOS,11,5,0,6,2026-04-14
SS MANTENIMIENTO URBANO,3,0,2,1,2026-04-15
SS REDES Y SERV. CONCESIONADOS,11,2,3,6,2026-04-15
SS MANTENIMIENTO URBANO,3,0,2,1,2026-04-16
SS REDES Y SERV. CONCESIONADOS,11,4,2,5,2026-04-16
SS MANTENIMIENTO URBANO,3,0,2,1,2026-04-17
SS REDES Y SERV. CONCESIONADOS,11,5,1,5,2026-04-17
SS MANTENIMIENTO URBANO,3,0,2,1,2026-04-20
SS REDES Y SERV. CONCESIONADOS,11,5,1,5,2026-04-20
SS MANTENIMIENTO URBANO,3,0,2,1,2026-04-21
SS REDES Y SERV. CONCESIONADOS,11,5,1,5,2026-04-21
SS MANTENIMIENTO URBANO,3,0,2,1,2026-04-22
SS REDES Y SERV. CONCESIONADOS,11,6,0,5,2026-04-22
SS MANTENIMIENTO URBANO,3,0,2,1,2026-04-23
SS REDES Y SERV. CONCESIONADOS,11,6,0,5,2026-04-23
SS MANTENIMIENTO URBANO,3,0,2,1,2026-04-24
SS REDES Y SERV. CONCESIONADOS,11,5,0,6,2026-04-24
SS MANTENIMIENTO URBANO,3,0,2,1,2026-04-27
SS REDES Y SERV. CONCESIONADOS,11,5,0,6,2026-04-27
SS MANTENIMIENTO URBANO,3,0,2,1,2026-04-28
SS REDES Y SERV. CONCESIONADOS,11,4,0,7,2026-04-28
SS MANTENIMIENTO URBANO,3,0,2,1,2026-04-29
SS REDES Y SERV. CONCESIONADOS,11,5,0,6,2026-04-29
SS MANTENIMIENTO URBANO,3,0,2,1,2026-04-30
SS REDES Y SERV. CONCESIONADOS,11,5,0,6,2026-04-30
SS MANTENIMIENTO URBANO,2,1,0,1,2026-05-04
SS REDES Y SERV. CONCESIONADOS,11,5,0,6,2026-05-04
SS MANTENIMIENTO URBANO,2,1,0,1,2026-05-05
SS REDES Y SERV. CONCESIONADOS,11,5,0,6,2026-05-05
SS MANTENIMIENTO URBANO,2,0,1,1,2026-05-06
SS REDES Y SERV. CONCESIONADOS,11,4,1,6,2026-05-06
SS MANTENIMIENTO URBANO,2,1,0,1,2026-05-08
SS REDES Y SERV. CONCESIONADOS,11,2,2,7,2026-05-08
SS MANTENIMIENTO URBANO,2,1,0,1,2026-05-11
SS REDES Y SERV. CONCESIONADOS,11,5,0,6,2026-05-11
SS MANTENIMIENTO URBANO,2,1,0,1,2026-05-12
SS REDES Y SERV. CONCESIONADOS,11,5,0,6,2026-05-12
SS MANTENIMIENTO URBANO,2,1,0,1,2026-05-13
SS REDES Y SERV. CONCESIONADOS,11,5,0,6,2026-05-13
SS MANTENIMIENTO URBANO,2,1,0,1,2026-05-14
SS REDES Y SERV. CONCESIONADOS,11,4,0,7,2026-05-14
SS MANTENIMIENTO URBANO,2,0,1,1,2026-05-15
SS REDES Y SERV. CONCESIONADOS,11,3,0,8,2026-05-15
SS MANTENIMIENTO URBANO,2,1,0,1,2026-05-18
SS REDES Y SERV. CONCESIONADOS,11,4,0,7,2026-05-18
SS MANTENIMIENTO URBANO,2,1,0,1,2026-05-19
SS REDES Y SERV. CONCESIONADOS,11,4,0,7,2026-05-19
SS MANTENIMIENTO URBANO,2,1,0,1,2026-05-21
SS REDES Y SERV. CONCESIONADOS,11,3,0,8,2026-05-21
SS MANTENIMIENTO URBANO,2,1,0,1,2026-05-22
SS REDES Y SERV. CONCESIONADOS,11,2,1,8,2026-05-22
SS MANTENIMIENTO URBANO,2,1,0,1,2026-05-27
SS REDES Y SERV. CONCESIONADOS,11,4,0,7,2026-05-27
SS MANTENIMIENTO URBANO,2,1,0,1,2026-05-28
SS REDES Y SERV. CONCESIONADOS,11,4,0,7,2026-05-28
SS MANTENIMIENTO URBANO,2,1,0,1,2026-05-29
SS REDES Y SERV. CONCESIONADOS,11,4,0,7,2026-05-29
SS MANTENIMIENTO URBANO,2,1,0,1,2026-06-01
SS REDES Y SERV. CONCESIONADOS,11,3,1,7,2026-06-01
SS MANTENIMIENTO URBANO,2,1,0,1,2026-06-02
SS REDES Y SERV. CONCESIONADOS,11,4,0,7,2026-06-02
SS REDES Y SERV. CONCESIONADOS,11,3,0,8,2026-06-03
SS MANTENIMIENTO URBANO,2,1,0,1,2026-06-04
SS REDES Y SERV. CONCESIONADOS,11,4,0,7,2026-06-04
SS MANTENIMIENTO URBANO,1,0,0,1,2026-06-05
SS REDES Y SERV. CONCESIONADOS,11,4,0,7,2026-06-05
SS MANTENIMIENTO URBANO,1,0,0,1,2026-06-08
SS REDES Y SERV. CONCESIONADOS,11,4,1,6,2026-06-08
SS MANTENIMIENTO URBANO,2,1,0,1,2026-06-09
SS REDES Y SERV. CONCESIONADOS,11,4,0,7,2026-06-09
SS MANTENIMIENTO URBANO,2,1,0,1,2026-06-10
SS REDES Y SERV. CONCESIONADOS,11,5,0,6,2026-06-10
SS MANTENIMIENTO URBANO,2,1,0,1,2026-06-11
SS REDES Y SERV. CONCESIONADOS,11,5,0,6,2026-06-11
SS MANTENIMIENTO URBANO,2,1,0,1,2026-06-12
SS REDES Y SERV. CONCESIONADOS,11,5,0,6,2026-06-12
SS MANTENIMIENTO URBANO,2,1,0,1,2026-06-16
SS REDES Y SERV. CONCESIONADOS,11,4,0,7,2026-06-16
SS MANTENIMIENTO URBANO,2,1,0,1,2026-06-17
SS REDES Y SERV. CONCESIONADOS,11,5,0,6,2026-06-17
SS MANTENIMIENTO URBANO,2,1,0,1,2026-06-18
SS REDES Y SERV. CONCESIONADOS,11,5,0,6,2026-06-18
SS MANTENIMIENTO URBANO,2,1,0,1,2026-06-19
SS REDES Y SERV. CONCESIONADOS,11,6,0,5,2026-06-19
SS MANTENIMIENTO URBANO,2,1,0,1,2026-06-22
SS REDES Y SERV. CONCESIONADOS,11,5,1,5,2026-06-22
SS MANTENIMIENTO URBANO,2,1,0,1,2026-06-23
SS REDES Y SERV. CONCESIONADOS,11,6,0,5,2026-06-23
SS MANTENIMIENTO URBANO,2,1,0,1,2026-06-24
SS REDES Y SERV. CONCESIONADOS,11,6,0,5,2026-06-24
SS MANTENIMIENTO URBANO,2,1,0,1,2026-06-25
SS REDES Y SERV. CONCESIONADOS,11,5,1,5,2026-06-25
SS MANTENIMIENTO URBANO,2,1,0,1,2026-06-26
SS REDES Y SERV. CONCESIONADOS,11,6,0,5,2026-06-26
SS MANTENIMIENTO URBANO,2,1,0,1,2026-06-29
SS REDES Y SERV. CONCESIONADOS,11,6,0,5,2026-06-29
SS MANTENIMIENTO URBANO,2,1,0,1,2026-06-30
SS REDES Y SERV. CONCESIONADOS,11,5,0,6,2026-06-30
SS MANTENIMIENTO URBANO,2,1,0,1,2026-07-01
SS REDES Y SERV. CONCESIONADOS,11,4,1,6,2026-07-01
SS REDES Y SERV. CONCESIONADOS,11,6,0,5,2026-07-02
SS MANTENIMIENTO URBANO,2,1,0,1,2026-07-03
SS REDES Y SERV. CONCESIONADOS,11,6,1,4,2026-07-03
SS MANTENIMIENTO URBANO,2,1,0,1,2026-07-06
SS REDES Y SERV. CONCESIONADOS,11,5,1,5,2026-07-06
SS MANTENIMIENTO URBANO,2,1,0,1,2026-07-07
SS REDES Y SERV. CONCESIONADOS,11,4,1,6,2026-07-07
SS MANTENIMIENTO URBANO,2,1,0,1,2026-07-08
SS REDES Y SERV. CONCESIONADOS,11,5,1,5,2026-07-08
SS MANTENIMIENTO URBANO,2,1,0,1,2026-07-13
SS REDES Y SERV. CONCESIONADOS,11,5,1,5,2026-07-13
SS MANTENIMIENTO URBANO,2,1,0,1,2026-07-14
SS REDES Y SERV. CONCESIONADOS,11,6,0,5,2026-07-14
SS MANTENIMIENTO URBANO,2,1,0,1,2026-07-15
SS REDES Y SERV. CONCESIONADOS,11,6,0,5,2026-07-15
SS MANTENIMIENTO URBANO,2,1,0,1,2026-07-16
SS REDES Y SERV. CONCESIONADOS,11,5,0,6,2026-07-16
SS MANTENIMIENTO URBANO,2,1,0,1,2026-07-17
SS REDES Y SERV. CONCESIONADOS,11,6,0,5,2026-07-17
SS MANTENIMIENTO URBANO,2,1,0,1,2026-07-20
SS REDES Y SERV. CONCESIONADOS,11,6,0,5,2026-07-20
SS MANTENIMIENTO URBANO,2,1,0,1,2026-07-21
SS REDES Y SERV. CONCESIONADOS,11,6,0,5,2026-07-21
SS MANTENIMIENTO URBANO,2,1,0,1,2026-07-22
SS REDES Y SERV. CONCESIONADOS,11,7,0,4,2026-07-22
SS MANTENIMIENTO URBANO,2,1,0,1,2026-07-23
SS REDES Y SERV. CONCESIONADOS,11,6,1,4,2026-07-23
SS MANTENIMIENTO URBANO,2,1,0,1,2026-07-24
SS REDES Y SERV. CONCESIONADOS,11,4,3,4,2026-07-24
SS MANTENIMIENTO URBANO,2,1,0,1,2026-07-27
SS REDES Y SERV. CONCESIONADOS,11,6,1,4,2026-07-27
SS MANTENIMIENTO URBANO,2,1,0,1,2026-07-28
SS REDES Y SERV. CONCESIONADOS,11,6,1,4,2026-07-28
SS MANTENIMIENTO URBANO,2,1,0,1,2026-07-29
SS REDES Y SERV. CONCESIONADOS,11,6,1,4,2026-07-29
SS MANTENIMIENTO URBANO,2,1,0,1,2026-07-30
SS REDES Y SERV. CONCESIONADOS,11,5,1,5,2026-07-30
SS MANTENIMIENTO URBANO,2,1,0,1,2026-07-31
SS REDES Y SERV. CONCESIONADOS,11,6,1,4,2026-07-31
SS MANTENIMIENTO URBANO,2,1,0,1,2026-08-03
SS REDES Y SERV. CONCESIONADOS,11,6,1,4,2026-08-03
SS MANTENIMIENTO URBANO,2,1,0,1,2026-08-04
SS REDES Y SERV. CONCESIONADOS,11,6,1,4,2026-08-04
SS MANTENIMIENTO URBANO,2,1,0,1,2026-08-05
SS REDES Y SERV. CONCESIONADOS,11,3,4,4,2026-08-05
SS MANTENIMIENTO URBANO,2,0,1,1,2026-08-06
SS REDES Y SERV. CONCESIONADOS,11,3,4,4,2026-08-06
SS MANTENIMIENTO URBANO,2,1,0,1,2026-08-07
SS REDES Y SERV. CONCESIONADOS,11,6,1,4,2026-08-07
SS MANTENIMIENTO URBANO,2,1,0,1,2026-08-10
SS REDES Y SERV. CONCESIONADOS,11,6,1,4,2026-08-10
SS MANTENIMIENTO URBANO,2,1,0,1,2026-08-11
SS REDES Y SERV. CONCESIONADOS,11,6,1,4,2026-08-11
SS MANTENIMIENTO URBANO,2,1,0,1,2026-08-12
SS REDES Y SERV. CONCESIONADOS,11,6,1,4,2026-08-12
SS MANTENIMIENTO URBANO,2,1,0,1,2026-08-13
SS REDES Y SERV. CONCESIONADOS,11,6,0,5,2026-08-13
SS MANTENIMIENTO URBANO,2,1,0,1,2026-08-14
SS REDES Y SERV. CONCESIONADOS,11,6,0,5,2026-08-14
SS MANTENIMIENTO URBANO,2,1,0,1,2026-08-18
SS REDES Y SERV. CONCESIONADOS,11,5,0,6,2026-08-18
SS MANTENIMIENTO URBANO,2,1,0,1,2026-08-19
SS REDES Y SERV. CONCESIONADOS,11,4,0,7,2026-08-19
SS MANTENIMIENTO URBANO,2,1,0,1,2026-08-20
SS REDES Y SERV. CONCESIONADOS,11,5,0,6,2026-08-20
SS MANTENIMIENTO URBANO,2,1,0,1,2026-08-21
SS REDES Y SERV. CONCESIONADOS,11,5,0,6,2026-08-21
SS MANTENIMIENTO URBANO,2,1,0,1,2026-08-24
SS REDES Y SERV. CONCESIONADOS,11,5,0,6,2026-08-24
SS MANTENIMIENTO URBANO,2,1,0,1,2026-08-25
SS REDES Y SERV. CONCESIONADOS,11,4,1,6,2026-08-25
SS MANTENIMIENTO URBANO,2,1,0,1,2026-08-26
SS REDES Y SERV. CONCESIONADOS,11,5,1,5,2026-08-26
SS MANTENIMIENTO URBANO,2,0,0,2,2026-08-27
SS REDES Y SERV. CONCESIONADOS,11,4,2,5,2026-08-27
SS MANTENIMIENTO URBANO,2,1,0,1,2026-08-28
SS REDES Y SERV. CONCESIONADOS,11,6,1,4,2026-08-28